-- phpMyAdmin SQL Dump
-- version 4.1.12
-- http://www.phpmyadmin.net
--
-- Host: 127.0.0.1
-- Generation Time: Apr 24, 2015 at 04:39 PM
-- Server version: 5.6.16
-- PHP Version: 5.5.11

SET SQL_MODE = "NO_AUTO_VALUE_ON_ZERO";
SET time_zone = "+00:00";


/*!40101 SET @OLD_CHARACTER_SET_CLIENT=@@CHARACTER_SET_CLIENT */;
/*!40101 SET @OLD_CHARACTER_SET_RESULTS=@@CHARACTER_SET_RESULTS */;
/*!40101 SET @OLD_COLLATION_CONNECTION=@@COLLATION_CONNECTION */;
/*!40101 SET NAMES utf8 */;

--
-- Database: `sis_db`
--

-- --------------------------------------------------------

--
-- Table structure for table `assigned_roles`
--

CREATE TABLE IF NOT EXISTS `assigned_roles` (
  `id` int(10) unsigned NOT NULL AUTO_INCREMENT,
  `user_id` int(10) unsigned NOT NULL,
  `role_id` int(10) unsigned NOT NULL,
  PRIMARY KEY (`id`),
  KEY `assigned_roles_user_id_index` (`user_id`),
  KEY `assigned_roles_role_id_index` (`role_id`)
) ENGINE=InnoDB  DEFAULT CHARSET=utf8 COLLATE=utf8_unicode_ci AUTO_INCREMENT=12 ;

--
-- Dumping data for table `assigned_roles`
--

INSERT INTO `assigned_roles` (`id`, `user_id`, `role_id`) VALUES
(9, 9, 9),
(10, 10, 10),
(11, 10, 11);

-- --------------------------------------------------------

--
-- Table structure for table `comments`
--

CREATE TABLE IF NOT EXISTS `comments` (
  `id` int(10) unsigned NOT NULL AUTO_INCREMENT,
  `user_id` int(10) unsigned NOT NULL,
  `post_id` int(10) unsigned NOT NULL,
  `content` text COLLATE utf8_unicode_ci NOT NULL,
  `created_at` timestamp NOT NULL DEFAULT '0000-00-00 00:00:00',
  `updated_at` timestamp NOT NULL DEFAULT '0000-00-00 00:00:00',
  PRIMARY KEY (`id`),
  KEY `comments_user_id_index` (`user_id`),
  KEY `comments_post_id_index` (`post_id`)
) ENGINE=InnoDB  DEFAULT CHARSET=utf8 COLLATE=utf8_unicode_ci AUTO_INCREMENT=32 ;

--
-- Dumping data for table `comments`
--

INSERT INTO `comments` (`id`, `user_id`, `post_id`, `content`, `created_at`, `updated_at`) VALUES
(25, 9, 13, 'Lorem ipsum dolor sit amet, mutat utinam nonumy ea mel.', '2015-02-12 14:23:38', '2015-02-12 14:23:38'),
(31, 9, 16, 'It''s Nice!!', '2015-03-27 04:52:06', '2015-03-27 04:52:06');

-- --------------------------------------------------------

--
-- Table structure for table `configurations`
--

CREATE TABLE IF NOT EXISTS `configurations` (
  `id` int(30) NOT NULL AUTO_INCREMENT,
  `semester` enum('Summer','Winter') NOT NULL,
  `created_at` timestamp NOT NULL DEFAULT CURRENT_TIMESTAMP ON UPDATE CURRENT_TIMESTAMP,
  `updated_at` timestamp NOT NULL DEFAULT '0000-00-00 00:00:00',
  PRIMARY KEY (`id`)
) ENGINE=InnoDB  DEFAULT CHARSET=latin1 AUTO_INCREMENT=2 ;

--
-- Dumping data for table `configurations`
--

INSERT INTO `configurations` (`id`, `semester`, `created_at`, `updated_at`) VALUES
(1, 'Summer', '2015-04-15 15:46:28', '0000-00-00 00:00:00');

-- --------------------------------------------------------

--
-- Table structure for table `courses`
--

CREATE TABLE IF NOT EXISTS `courses` (
  `id` int(50) NOT NULL AUTO_INCREMENT,
  `module_code` varchar(50) NOT NULL,
  `module_name` varchar(50) NOT NULL,
  `credits` varchar(10) NOT NULL,
  `created_at` timestamp NOT NULL DEFAULT '0000-00-00 00:00:00',
  `updated_at` timestamp NOT NULL DEFAULT '0000-00-00 00:00:00',
  PRIMARY KEY (`id`),
  UNIQUE KEY `course_code` (`module_code`,`module_name`)
) ENGINE=InnoDB  DEFAULT CHARSET=latin1 AUTO_INCREMENT=162 ;

--
-- Dumping data for table `courses`
--

INSERT INTO `courses` (`id`, `module_code`, `module_name`, `credits`, `created_at`, `updated_at`) VALUES
(119, 'PHY101', 'Engineering Physics - I', '12', '2015-04-07 12:21:05', '2015-04-09 14:17:01'),
(124, 'TSM101', 'Engineering Mechanics', '12', '2015-04-07 12:24:06', '2015-04-09 14:27:27'),
(128, 'TSM202', 'Structural Mechanics - I', '9.6', '2015-04-07 12:27:07', '2015-04-10 07:04:58'),
(132, 'SEM401', 'Seminars', '7.7', '2015-04-07 12:29:49', '2015-04-11 09:05:59'),
(133, 'PRW401', 'Project', '20', '2015-04-07 12:30:28', '2015-04-09 13:37:57'),
(143, 'apps', 'Apples', '5', '2015-04-10 06:54:26', '2015-04-17 12:30:55'),
(144, 'ast', 'Astronomys', '20.0', '2015-04-11 09:13:19', '2015-04-17 12:17:21'),
(146, 'mgm', 'Managements', '12', '2015-04-11 11:32:17', '2015-04-17 05:14:01'),
(151, 'design', 'Design', '12', '2015-04-16 15:24:37', '2015-04-16 15:24:37'),
(152, 'EVE301', 'Hydrologys', '324', '2015-04-17 04:17:07', '2015-04-23 15:16:18'),
(153, 'mech', 'Mechanics', '12', '2015-04-17 10:43:44', '2015-04-18 06:46:27'),
(154, 'orang', 'Orange', '12', '2015-04-17 10:48:34', '2015-04-17 10:48:34'),
(155, 'MAT101', 'Engineering Mathematics - I', '14', '2015-04-17 11:03:52', '2015-04-18 06:00:52'),
(157, 'soil', 'Soil', '12.5', '2015-04-17 17:21:47', '2015-04-18 05:11:38'),
(158, 'D1010000', 'Data Mining', '12', '0000-00-00 00:00:00', '2015-04-19 08:07:52'),
(160, 'FMA', 'Financial Management', '12', '2015-04-21 13:01:38', '2015-04-23 15:19:24'),
(161, 'unique', 'unique', '10', '0000-00-00 00:00:00', '0000-00-00 00:00:00');

-- --------------------------------------------------------

--
-- Table structure for table `course_programme`
--

CREATE TABLE IF NOT EXISTS `course_programme` (
  `pivot_id` int(50) NOT NULL AUTO_INCREMENT,
  `course_id` int(50) NOT NULL,
  `programme_id` int(50) NOT NULL,
  `semester_taken` enum('1','2','3','4','5','6','7','8','9','10') NOT NULL,
  `elective` enum('Yes','No') NOT NULL,
  `selected` enum('Yes','No') NOT NULL,
  `staff_id` int(50) DEFAULT NULL,
  `created_at` timestamp NOT NULL DEFAULT '0000-00-00 00:00:00',
  `updated_at` timestamp NOT NULL DEFAULT '0000-00-00 00:00:00',
  PRIMARY KEY (`pivot_id`),
  UNIQUE KEY `course_id_2` (`course_id`,`programme_id`,`semester_taken`),
  UNIQUE KEY `pivot_id` (`pivot_id`),
  KEY `course_id` (`course_id`,`programme_id`),
  KEY `programme_id` (`programme_id`),
  KEY `staff_it` (`staff_id`)
) ENGINE=InnoDB  DEFAULT CHARSET=latin1 AUTO_INCREMENT=707 ;

--
-- Dumping data for table `course_programme`
--

INSERT INTO `course_programme` (`pivot_id`, `course_id`, `programme_id`, `semester_taken`, `elective`, `selected`, `staff_id`, `created_at`, `updated_at`) VALUES
(597, 146, 5, '5', 'No', 'Yes', 11, '0000-00-00 00:00:00', '2015-04-17 14:36:34'),
(606, 143, 3, '2', 'Yes', 'No', NULL, '0000-00-00 00:00:00', '0000-00-00 00:00:00'),
(611, 151, 5, '1', 'No', 'Yes', 9, '0000-00-00 00:00:00', '0000-00-00 00:00:00'),
(612, 133, 1, '6', 'Yes', 'Yes', 5, '0000-00-00 00:00:00', '2015-04-18 06:06:02'),
(613, 119, 1, '2', 'Yes', 'Yes', NULL, '0000-00-00 00:00:00', '2015-04-23 09:04:58'),
(625, 153, 6, '2', 'Yes', 'No', 1, '0000-00-00 00:00:00', '2015-04-19 15:39:48'),
(626, 154, 6, '9', 'No', 'No', NULL, '0000-00-00 00:00:00', '0000-00-00 00:00:00'),
(635, 132, 6, '1', 'Yes', 'Yes', 5, '0000-00-00 00:00:00', '2015-04-20 06:03:11'),
(654, 132, 2, '2', 'No', 'Yes', 12, '0000-00-00 00:00:00', '2015-04-20 06:03:11'),
(655, 133, 6, '2', 'Yes', 'No', NULL, '0000-00-00 00:00:00', '2015-04-18 06:06:02'),
(661, 124, 6, '8', 'No', 'Yes', NULL, '0000-00-00 00:00:00', '2015-04-17 17:12:48'),
(668, 144, 1, '10', 'No', 'No', NULL, '0000-00-00 00:00:00', '2015-04-19 07:36:29'),
(674, 124, 1, '6', 'No', 'Yes', 13, '0000-00-00 00:00:00', '2015-04-17 17:12:48'),
(678, 152, 3, '8', 'No', 'Yes', 13, '0000-00-00 00:00:00', '2015-04-23 15:17:16'),
(679, 152, 1, '5', 'Yes', 'Yes', 10, '0000-00-00 00:00:00', '2015-04-23 15:17:15'),
(689, 157, 6, '2', 'Yes', 'No', NULL, '0000-00-00 00:00:00', '2015-04-23 15:15:27'),
(690, 128, 6, '2', 'Yes', 'No', NULL, '0000-00-00 00:00:00', '2015-04-21 09:50:22'),
(691, 157, 1, '6', 'No', 'No', NULL, '0000-00-00 00:00:00', '2015-04-23 15:15:27'),
(692, 155, 1, '3', 'No', 'No', NULL, '0000-00-00 00:00:00', '2015-04-23 08:43:34'),
(693, 155, 3, '4', 'No', 'Yes', 20, '0000-00-00 00:00:00', '2015-04-23 08:43:36'),
(695, 155, 2, '7', 'No', 'Yes', 12, '0000-00-00 00:00:00', '2015-04-23 08:43:36'),
(696, 153, 1, '9', 'No', 'No', 4, '0000-00-00 00:00:00', '2015-04-19 15:39:48'),
(697, 144, 6, '2', 'No', 'No', NULL, '0000-00-00 00:00:00', '2015-04-19 07:36:29'),
(699, 144, 1, '3', 'No', 'Yes', 18, '0000-00-00 00:00:00', '0000-00-00 00:00:00'),
(702, 158, 5, '9', 'Yes', 'Yes', 8, '0000-00-00 00:00:00', '2015-04-19 08:08:05'),
(703, 132, 1, '9', 'No', 'Yes', 21, '0000-00-00 00:00:00', '2015-04-20 06:03:11'),
(705, 160, 2, '6', 'No', 'Yes', 10, '0000-00-00 00:00:00', '2015-04-23 15:19:24'),
(706, 161, 6, '2', 'No', 'Yes', NULL, '0000-00-00 00:00:00', '0000-00-00 00:00:00');

-- --------------------------------------------------------

--
-- Table structure for table `course_student`
--

CREATE TABLE IF NOT EXISTS `course_student` (
  `id` int(50) NOT NULL AUTO_INCREMENT,
  `student_id` int(50) NOT NULL,
  `course_programme_id` int(50) NOT NULL,
  `type` enum('Regular','Back','Superback') NOT NULL,
  `created_at` timestamp NOT NULL DEFAULT CURRENT_TIMESTAMP ON UPDATE CURRENT_TIMESTAMP,
  `updated_at` timestamp NOT NULL DEFAULT '0000-00-00 00:00:00',
  PRIMARY KEY (`id`),
  UNIQUE KEY `course_id_2` (`course_programme_id`,`student_id`),
  UNIQUE KEY `student_id_2` (`student_id`,`course_programme_id`),
  KEY `course_id` (`course_programme_id`,`student_id`),
  KEY `student_id` (`student_id`),
  KEY `course_id_3` (`course_programme_id`)
) ENGINE=InnoDB  DEFAULT CHARSET=latin1 AUTO_INCREMENT=1436 ;

--
-- Dumping data for table `course_student`
--

INSERT INTO `course_student` (`id`, `student_id`, `course_programme_id`, `type`, `created_at`, `updated_at`) VALUES
(1341, 10, 611, 'Back', '2015-04-22 14:34:32', '0000-00-00 00:00:00'),
(1342, 10, 597, 'Superback', '2015-04-22 14:34:32', '0000-00-00 00:00:00'),
(1381, 12, 597, 'Back', '2015-04-22 16:02:24', '0000-00-00 00:00:00'),
(1382, 12, 702, 'Superback', '2015-04-22 16:02:24', '0000-00-00 00:00:00'),
(1387, 7, 597, 'Back', '2015-04-22 16:46:51', '0000-00-00 00:00:00'),
(1388, 7, 611, 'Superback', '2015-04-22 16:46:51', '0000-00-00 00:00:00'),
(1398, 13, 635, 'Regular', '2015-04-22 20:54:00', '0000-00-00 00:00:00'),
(1410, 8, 635, 'Superback', '2015-04-23 17:05:55', '0000-00-00 00:00:00'),
(1416, 1, 702, 'Regular', '2015-04-23 18:28:54', '0000-00-00 00:00:00'),
(1423, 9, 654, 'Back', '2015-04-23 19:39:06', '0000-00-00 00:00:00'),
(1424, 9, 705, 'Back', '2015-04-23 19:39:06', '0000-00-00 00:00:00'),
(1425, 9, 695, 'Back', '2015-04-23 19:39:06', '0000-00-00 00:00:00'),
(1431, 6, 635, 'Back', '2015-04-24 07:51:45', '0000-00-00 00:00:00'),
(1432, 3, 612, 'Regular', '2015-04-24 07:53:24', '0000-00-00 00:00:00'),
(1433, 3, 674, 'Regular', '2015-04-24 07:53:25', '0000-00-00 00:00:00'),
(1434, 3, 613, 'Back', '2015-04-24 07:53:25', '0000-00-00 00:00:00'),
(1435, 3, 699, 'Superback', '2015-04-24 07:53:25', '0000-00-00 00:00:00');

-- --------------------------------------------------------

--
-- Table structure for table `departments`
--

CREATE TABLE IF NOT EXISTS `departments` (
  `id` int(50) NOT NULL AUTO_INCREMENT,
  `department_code` varchar(50) NOT NULL,
  `department_name` varchar(50) NOT NULL,
  `hod_id` int(50) DEFAULT NULL,
  `created_at` timestamp NOT NULL DEFAULT '0000-00-00 00:00:00',
  `updated_at` timestamp NOT NULL DEFAULT '0000-00-00 00:00:00',
  PRIMARY KEY (`id`),
  UNIQUE KEY `department_code` (`department_code`),
  UNIQUE KEY `department_name` (`department_name`),
  UNIQUE KEY `hod_id_2` (`hod_id`),
  KEY `hod_id` (`hod_id`)
) ENGINE=InnoDB  DEFAULT CHARSET=latin1 AUTO_INCREMENT=6 ;

--
-- Dumping data for table `departments`
--

INSERT INTO `departments` (`id`, `department_code`, `department_name`, `hod_id`, `created_at`, `updated_at`) VALUES
(1, 'civil', 'Civil & Architecture', 1, '0000-00-00 00:00:00', '2015-04-23 15:44:52'),
(2, 'ece', 'Electronic & Communication', NULL, '0000-00-00 00:00:00', '2015-03-27 15:06:44'),
(3, 'electrical', 'Electrical', NULL, '2015-03-26 08:14:59', '2015-03-27 17:07:56'),
(4, 'it', 'Information Technology', NULL, '2015-03-30 14:01:21', '2015-03-30 14:01:21'),
(5, 'sci-hum', 'Science and Humanities', NULL, '2015-03-31 03:18:14', '2015-04-01 00:42:19');

-- --------------------------------------------------------

--
-- Table structure for table `dzongkhags`
--

CREATE TABLE IF NOT EXISTS `dzongkhags` (
  `id` int(30) NOT NULL AUTO_INCREMENT,
  `name` varchar(50) NOT NULL,
  PRIMARY KEY (`id`)
) ENGINE=InnoDB  DEFAULT CHARSET=latin1 AUTO_INCREMENT=21 ;

--
-- Dumping data for table `dzongkhags`
--

INSERT INTO `dzongkhags` (`id`, `name`) VALUES
(1, 'Bumthang'),
(2, 'Chukha'),
(3, 'Dagana'),
(4, 'Gasa'),
(5, 'Haa'),
(6, 'Lhuentse'),
(7, 'Mongar'),
(8, 'Paro'),
(9, 'Pemagatshel'),
(10, 'Punakha'),
(11, 'Samdrup Jongkhar'),
(12, 'Samtse'),
(13, 'Sarpang'),
(14, 'Thimphu'),
(15, 'Trashigang'),
(16, 'Trashiyangtse'),
(17, 'Trongsa'),
(18, 'Tsirang'),
(19, 'Wangdue Phodrang'),
(20, 'Zhemgang');

-- --------------------------------------------------------

--
-- Table structure for table `fees`
--

CREATE TABLE IF NOT EXISTS `fees` (
  `id` int(50) NOT NULL AUTO_INCREMENT,
  `student_id` int(50) NOT NULL,
  `amount` int(50) NOT NULL,
  `receipt_no` varchar(50) NOT NULL,
  `paid` enum('No','Yes') NOT NULL DEFAULT 'No',
  `no_of_module` int(10) NOT NULL,
  `created_at` timestamp NOT NULL DEFAULT '0000-00-00 00:00:00',
  `updated_at` timestamp NOT NULL DEFAULT '0000-00-00 00:00:00',
  PRIMARY KEY (`id`),
  UNIQUE KEY `student_id_2` (`student_id`),
  UNIQUE KEY `receipt_no` (`receipt_no`),
  KEY `student_id` (`student_id`)
) ENGINE=InnoDB  DEFAULT CHARSET=latin1 AUTO_INCREMENT=9 ;

--
-- Dumping data for table `fees`
--

INSERT INTO `fees` (`id`, `student_id`, `amount`, `receipt_no`, `paid`, `no_of_module`, `created_at`, `updated_at`) VALUES
(6, 1, 34, 'dfas', 'Yes', 3, '0000-00-00 00:00:00', '0000-00-00 00:00:00'),
(8, 3, 3, 'fa', 'Yes', 3, '0000-00-00 00:00:00', '0000-00-00 00:00:00');

-- --------------------------------------------------------

--
-- Table structure for table `migrations`
--

CREATE TABLE IF NOT EXISTS `migrations` (
  `migration` varchar(255) COLLATE utf8_unicode_ci NOT NULL,
  `batch` int(11) NOT NULL
) ENGINE=InnoDB DEFAULT CHARSET=utf8 COLLATE=utf8_unicode_ci;

--
-- Dumping data for table `migrations`
--

INSERT INTO `migrations` (`migration`, `batch`) VALUES
('2013_02_05_024934_confide_setup_users_table', 1),
('2013_02_05_043505_create_posts_table', 1),
('2013_02_05_044505_create_comments_table', 1),
('2013_02_08_031702_entrust_setup_tables', 1),
('2013_05_21_024934_entrust_permissions', 1),
('2014_12_25_042639_seed', 1),
('2014_12_25_042757_SeedUsersTableSeeder', 1),
('2014_12_25_042924_DatabaseSeeder', 1);

-- --------------------------------------------------------

--
-- Table structure for table `password_reminders`
--

CREATE TABLE IF NOT EXISTS `password_reminders` (
  `email` varchar(255) COLLATE utf8_unicode_ci NOT NULL,
  `token` varchar(255) COLLATE utf8_unicode_ci NOT NULL,
  `created_at` timestamp NOT NULL DEFAULT '0000-00-00 00:00:00'
) ENGINE=InnoDB DEFAULT CHARSET=utf8 COLLATE=utf8_unicode_ci;

-- --------------------------------------------------------

--
-- Table structure for table `permissions`
--

CREATE TABLE IF NOT EXISTS `permissions` (
  `id` int(10) unsigned NOT NULL AUTO_INCREMENT,
  `name` varchar(255) COLLATE utf8_unicode_ci NOT NULL,
  `display_name` varchar(255) COLLATE utf8_unicode_ci NOT NULL,
  PRIMARY KEY (`id`),
  UNIQUE KEY `permissions_name_unique` (`name`),
  UNIQUE KEY `permissions_display_name_uniq` (`display_name`)
) ENGINE=InnoDB  DEFAULT CHARSET=utf8 COLLATE=utf8_unicode_ci AUTO_INCREMENT=31 ;

--
-- Dumping data for table `permissions`
--

INSERT INTO `permissions` (`id`, `name`, `display_name`) VALUES
(25, 'manage_blogs', 'manage blogs'),
(26, 'manage_posts', 'manage posts'),
(27, 'manage_comments', 'manage comments'),
(28, 'manage_users', 'manage users'),
(29, 'manage_roles', 'manage roles'),
(30, 'post_comment', 'post comment');

-- --------------------------------------------------------

--
-- Table structure for table `permission_role`
--

CREATE TABLE IF NOT EXISTS `permission_role` (
  `id` int(10) unsigned NOT NULL AUTO_INCREMENT,
  `permission_id` int(10) unsigned NOT NULL,
  `role_id` int(10) unsigned NOT NULL,
  PRIMARY KEY (`id`),
  KEY `pr_permission_id_index` (`permission_id`),
  KEY `pr_role_id_index` (`role_id`)
) ENGINE=InnoDB  DEFAULT CHARSET=utf8 COLLATE=utf8_unicode_ci AUTO_INCREMENT=37 ;

--
-- Dumping data for table `permission_role`
--

INSERT INTO `permission_role` (`id`, `permission_id`, `role_id`) VALUES
(29, 25, 9),
(30, 26, 9),
(31, 27, 9),
(32, 28, 9),
(33, 29, 9),
(34, 30, 9),
(35, 30, 10),
(36, 25, 11);

-- --------------------------------------------------------

--
-- Table structure for table `posts`
--

CREATE TABLE IF NOT EXISTS `posts` (
  `id` int(10) unsigned NOT NULL AUTO_INCREMENT,
  `user_id` int(10) unsigned NOT NULL,
  `title` varchar(255) COLLATE utf8_unicode_ci NOT NULL,
  `slug` varchar(255) COLLATE utf8_unicode_ci NOT NULL,
  `content` blob NOT NULL,
  `meta_title` varchar(255) COLLATE utf8_unicode_ci NOT NULL,
  `meta_description` varchar(255) COLLATE utf8_unicode_ci NOT NULL,
  `meta_keywords` varchar(255) COLLATE utf8_unicode_ci NOT NULL,
  `created_at` timestamp NOT NULL DEFAULT '0000-00-00 00:00:00',
  `updated_at` timestamp NOT NULL DEFAULT '0000-00-00 00:00:00',
  PRIMARY KEY (`id`),
  KEY `posts_user_id_index` (`user_id`)
) ENGINE=InnoDB  DEFAULT CHARSET=utf8 COLLATE=utf8_unicode_ci AUTO_INCREMENT=17 ;

--
-- Dumping data for table `posts`
--

INSERT INTO `posts` (`id`, `user_id`, `title`, `slug`, `content`, `meta_title`, `meta_description`, `meta_keywords`, `created_at`, `updated_at`) VALUES
(13, 9, 'Lorem ipsum dolor sit amet', 'lorem-ipsum-dolor-sit-amet', 0x496e206d656120617574656d20657469616d206d656e616e6472692c2071756f7420656c6974722076696d2065692c20656f732073656d706572206469737075746174696f6e692069643f205065722066616365722061707065746572652065752c2064756f20657420616e696d616c206d6169657374617469732e204f6d6e657371756520696e766964756e74206d6e657361726368756d206578206d656c2c20766973206e6f20636173652073656e73657269742064697373656e746961732e205465206d6569206d696e696d756d2073696e67756c697320696e696d696375732c206e65206c61626f726573206163637573616d206e656365737369746174696275732076656c2c20766976656e646f206e6f6d696e617669206e65207365642e20506f7369646f6e69756d207363726970746f72656d20636f6e73657175756e7475722063756d2065783f20506f73736520666162756c61732069756469636162697420696e206e65632c20656f7320637520656c65637472616d20666f72656e73696275732c2070726f20656920636f6d6d6f646f20747261637461746f73207265666f726d6964616e732e20517569206575206c6f72656d20617567756520616c746572756d2c20656f7320696e20666163696c6973207065726963756c61206d6564696f637269746174656d3f0a0a4573742068696e63206c6567696d7573206f706f727465617420696e2e20536974206569206d656c6975732064656c69636174697373696d692e2044756f206578207175616c69737175652061646f6c657363656e73212050726920637520736f6c756d2061657175652e204170657269726920646f63656e6469207669747570657261746f726962757320686173206561210a0a536564207574206c7564757320706572666563746f2073656e73696275732c206e6f206d65612069697371756520666163696c6973692e2043686f726f20746174696f6e206d656c697573206574206d65612c206e6520766973206e69736c20696e736f6c656e732e205665726f20617574656d207363726970746f72656d206375207175693f20457272656d20646f6c6f726573206e6f206e616d2c206d65612074726974616e6920706c61746f6e656d20696421204174206e65632074616e74617320636f6e73756c2c20766973206d756e646920706574656e7469756d20656c61626f72617265742065782c206d656c206170706172656174206d6169657374617469732061742e0a0a5365642065742065726f7320636f6e636c7564617475727175652e204d656c206e65206170657269616d20636f6d70726568656e73616d21204f726e617475732064656c69636174697373696d692065616d2065782c2073656120616e2071756964616d2074726974616e6920706c6163657261743f20416420656975732069726975726520636f6e7365717561742065616d2c206d617a696d2074656d706f726962757320636f6e636c7573696f6e656d7175652065756d2065782e0a0a546520616d65742073756d6f207573752c206e6520617574656d20696d706574757320736372697073657269742064756f2c20697573206569206d75746174206c61626f726520696e6369646572696e7421204964206e756c6c6120636f6d70726568656e73616d206869733f2055742065616d2064656c656e69746920617267756d656e74756d2c2065616d20617070656c6c616e74757220646566696e6974696f6e656d2061642e2050726f20657420707572746f2070617274656d206d7563697573210a0a4375206c69626572207072696d6973207365642c206573736520657665727469747572207669732061642e204e652067726165636f206d61696f72756d206d65612120496e20656f73206e6f7374726f20646f63656e646920636f6e636c7573696f6e656d7175652e204e65207369742061756469726520626c616e64697420747261637461746f733f20416e206e656320646963616d20636175736165206d656c696f72652c2070726f2074616d7175616d206f6666656e64697420656666696369656e64692075742e0a0a54652064696374612073616469707363696e67206e616d2c2064656e6971756520616c62756369757320636f6e636c7573696f6e656d717565206e65207573752c206d656120657520657572697069646973207068696c6f736f70686961212051756920617420766976656e646f20656666696369656e6469212056696d2065782064656c656e697420626c616e646974206f706f72746572652c20696e2069726975726520706c6163657261742063756d2e2054652063756d206d65697320616c746572612c20697573206578207175697320766572692e0a0a4d757461742070726f7072696165206575206861732c206d656c206e65207665726920626f6e6f72756d2074696e636964756e742e20506572206e6f6c75697373652073656e736962757320686f6e657374617469732075742c20737465742073696e67756c69732065612065616d2c2068697320646963756e7420766976656e64756d206d6564696f6372656d2065692e20456920757375206d7574617420656666696369616e7475722c2065756d20766572656172206170657269616d20646566696e6974696f6e657320616e212053696d756c20646963616d20696e737472756374696f72206975732065692e2043752069757320666163657220646f6d696e6720636f7469646965717565212051756f74207072696e6369706573206575206869732c20757375207665726f20646963617420616e2e0a0a4578206469637461207065727065747561207175692c207065726963756c6120696e74656c6c6567616d20736372697073657269742069642076656c2e20496420666162756c6173206f726e61747573206e65636573736974617469627573206d656c2e2050726f6d70746120646f6c6f72656d206170706574657265206561206861732e2056656c206164206578706574656e64697320696e737472756374696f72210a0a54652068697320646f6c6f72656d20616476657273617269756d3f2050726920657520726562756d2076697269732c20746174696f6e206d6f6c6573746965206964207072692e204d656c206569207374657420696e65726d69732064697373656e746961732e2053656420656120646f6c6f72756d20646574726163746f20766974757065726174612e20506f73736974206f706f72746572652073696d696c69717565206375206e65632c20726964656e7320616e696d616c2071756f2065783f, 'meta_title1', 'meta_description1', 'meta_keywords1', '2015-02-12 14:23:38', '2015-02-12 14:23:38'),
(14, 9, 'Vivendo suscipiantur vim te vix', 'vivendo-suscipiantur-vim-te-vix', 0x496e206d656120617574656d20657469616d206d656e616e6472692c2071756f7420656c6974722076696d2065692c20656f732073656d706572206469737075746174696f6e692069643f205065722066616365722061707065746572652065752c2064756f20657420616e696d616c206d6169657374617469732e204f6d6e657371756520696e766964756e74206d6e657361726368756d206578206d656c2c20766973206e6f20636173652073656e73657269742064697373656e746961732e205465206d6569206d696e696d756d2073696e67756c697320696e696d696375732c206e65206c61626f726573206163637573616d206e656365737369746174696275732076656c2c20766976656e646f206e6f6d696e617669206e65207365642e20506f7369646f6e69756d207363726970746f72656d20636f6e73657175756e7475722063756d2065783f20506f73736520666162756c61732069756469636162697420696e206e65632c20656f7320637520656c65637472616d20666f72656e73696275732c2070726f20656920636f6d6d6f646f20747261637461746f73207265666f726d6964616e732e20517569206575206c6f72656d20617567756520616c746572756d2c20656f7320696e20666163696c6973207065726963756c61206d6564696f637269746174656d3f0a0a4573742068696e63206c6567696d7573206f706f727465617420696e2e20536974206569206d656c6975732064656c69636174697373696d692e2044756f206578207175616c69737175652061646f6c657363656e73212050726920637520736f6c756d2061657175652e204170657269726920646f63656e6469207669747570657261746f726962757320686173206561210a0a536564207574206c7564757320706572666563746f2073656e73696275732c206e6f206d65612069697371756520666163696c6973692e2043686f726f20746174696f6e206d656c697573206574206d65612c206e6520766973206e69736c20696e736f6c656e732e205665726f20617574656d207363726970746f72656d206375207175693f20457272656d20646f6c6f726573206e6f206e616d2c206d65612074726974616e6920706c61746f6e656d20696421204174206e65632074616e74617320636f6e73756c2c20766973206d756e646920706574656e7469756d20656c61626f72617265742065782c206d656c206170706172656174206d6169657374617469732061742e0a0a5365642065742065726f7320636f6e636c7564617475727175652e204d656c206e65206170657269616d20636f6d70726568656e73616d21204f726e617475732064656c69636174697373696d692065616d2065782c2073656120616e2071756964616d2074726974616e6920706c6163657261743f20416420656975732069726975726520636f6e7365717561742065616d2c206d617a696d2074656d706f726962757320636f6e636c7573696f6e656d7175652065756d2065782e0a0a546520616d65742073756d6f207573752c206e6520617574656d20696d706574757320736372697073657269742064756f2c20697573206569206d75746174206c61626f726520696e6369646572696e7421204964206e756c6c6120636f6d70726568656e73616d206869733f2055742065616d2064656c656e69746920617267756d656e74756d2c2065616d20617070656c6c616e74757220646566696e6974696f6e656d2061642e2050726f20657420707572746f2070617274656d206d7563697573210a0a4375206c69626572207072696d6973207365642c206573736520657665727469747572207669732061642e204e652067726165636f206d61696f72756d206d65612120496e20656f73206e6f7374726f20646f63656e646920636f6e636c7573696f6e656d7175652e204e65207369742061756469726520626c616e64697420747261637461746f733f20416e206e656320646963616d20636175736165206d656c696f72652c2070726f2074616d7175616d206f6666656e64697420656666696369656e64692075742e0a0a54652064696374612073616469707363696e67206e616d2c2064656e6971756520616c62756369757320636f6e636c7573696f6e656d717565206e65207573752c206d656120657520657572697069646973207068696c6f736f70686961212051756920617420766976656e646f20656666696369656e6469212056696d2065782064656c656e697420626c616e646974206f706f72746572652c20696e2069726975726520706c6163657261742063756d2e2054652063756d206d65697320616c746572612c20697573206578207175697320766572692e0a0a4d757461742070726f7072696165206575206861732c206d656c206e65207665726920626f6e6f72756d2074696e636964756e742e20506572206e6f6c75697373652073656e736962757320686f6e657374617469732075742c20737465742073696e67756c69732065612065616d2c2068697320646963756e7420766976656e64756d206d6564696f6372656d2065692e20456920757375206d7574617420656666696369616e7475722c2065756d20766572656172206170657269616d20646566696e6974696f6e657320616e212053696d756c20646963616d20696e737472756374696f72206975732065692e2043752069757320666163657220646f6d696e6720636f7469646965717565212051756f74207072696e6369706573206575206869732c20757375207665726f20646963617420616e2e0a0a4578206469637461207065727065747561207175692c207065726963756c6120696e74656c6c6567616d20736372697073657269742069642076656c2e20496420666162756c6173206f726e61747573206e65636573736974617469627573206d656c2e2050726f6d70746120646f6c6f72656d206170706574657265206561206861732e2056656c206164206578706574656e64697320696e737472756374696f72210a0a54652068697320646f6c6f72656d20616476657273617269756d3f2050726920657520726562756d2076697269732c20746174696f6e206d6f6c6573746965206964207072692e204d656c206569207374657420696e65726d69732064697373656e746961732e2053656420656120646f6c6f72756d20646574726163746f20766974757065726174612e20506f73736974206f706f72746572652073696d696c69717565206375206e65632c20726964656e7320616e696d616c2071756f2065783f, 'meta_title2', 'meta_description2', 'meta_keywords2', '2015-02-12 14:23:38', '2015-02-12 14:23:38'),
(15, 9, 'In iisque similique reprimique eum', 'in-iisque-similique-reprimique-eum', 0x496e206d656120617574656d20657469616d206d656e616e6472692c2071756f7420656c6974722076696d2065692c20656f732073656d706572206469737075746174696f6e692069643f205065722066616365722061707065746572652065752c2064756f20657420616e696d616c206d6169657374617469732e204f6d6e657371756520696e766964756e74206d6e657361726368756d206578206d656c2c20766973206e6f20636173652073656e73657269742064697373656e746961732e205465206d6569206d696e696d756d2073696e67756c697320696e696d696375732c206e65206c61626f726573206163637573616d206e656365737369746174696275732076656c2c20766976656e646f206e6f6d696e617669206e65207365642e20506f7369646f6e69756d207363726970746f72656d20636f6e73657175756e7475722063756d2065783f20506f73736520666162756c61732069756469636162697420696e206e65632c20656f7320637520656c65637472616d20666f72656e73696275732c2070726f20656920636f6d6d6f646f20747261637461746f73207265666f726d6964616e732e20517569206575206c6f72656d20617567756520616c746572756d2c20656f7320696e20666163696c6973207065726963756c61206d6564696f637269746174656d3f0a0a4573742068696e63206c6567696d7573206f706f727465617420696e2e20536974206569206d656c6975732064656c69636174697373696d692e2044756f206578207175616c69737175652061646f6c657363656e73212050726920637520736f6c756d2061657175652e204170657269726920646f63656e6469207669747570657261746f726962757320686173206561210a0a536564207574206c7564757320706572666563746f2073656e73696275732c206e6f206d65612069697371756520666163696c6973692e2043686f726f20746174696f6e206d656c697573206574206d65612c206e6520766973206e69736c20696e736f6c656e732e205665726f20617574656d207363726970746f72656d206375207175693f20457272656d20646f6c6f726573206e6f206e616d2c206d65612074726974616e6920706c61746f6e656d20696421204174206e65632074616e74617320636f6e73756c2c20766973206d756e646920706574656e7469756d20656c61626f72617265742065782c206d656c206170706172656174206d6169657374617469732061742e0a0a5365642065742065726f7320636f6e636c7564617475727175652e204d656c206e65206170657269616d20636f6d70726568656e73616d21204f726e617475732064656c69636174697373696d692065616d2065782c2073656120616e2071756964616d2074726974616e6920706c6163657261743f20416420656975732069726975726520636f6e7365717561742065616d2c206d617a696d2074656d706f726962757320636f6e636c7573696f6e656d7175652065756d2065782e0a0a546520616d65742073756d6f207573752c206e6520617574656d20696d706574757320736372697073657269742064756f2c20697573206569206d75746174206c61626f726520696e6369646572696e7421204964206e756c6c6120636f6d70726568656e73616d206869733f2055742065616d2064656c656e69746920617267756d656e74756d2c2065616d20617070656c6c616e74757220646566696e6974696f6e656d2061642e2050726f20657420707572746f2070617274656d206d7563697573210a0a4375206c69626572207072696d6973207365642c206573736520657665727469747572207669732061642e204e652067726165636f206d61696f72756d206d65612120496e20656f73206e6f7374726f20646f63656e646920636f6e636c7573696f6e656d7175652e204e65207369742061756469726520626c616e64697420747261637461746f733f20416e206e656320646963616d20636175736165206d656c696f72652c2070726f2074616d7175616d206f6666656e64697420656666696369656e64692075742e0a0a54652064696374612073616469707363696e67206e616d2c2064656e6971756520616c62756369757320636f6e636c7573696f6e656d717565206e65207573752c206d656120657520657572697069646973207068696c6f736f70686961212051756920617420766976656e646f20656666696369656e6469212056696d2065782064656c656e697420626c616e646974206f706f72746572652c20696e2069726975726520706c6163657261742063756d2e2054652063756d206d65697320616c746572612c20697573206578207175697320766572692e0a0a4d757461742070726f7072696165206575206861732c206d656c206e65207665726920626f6e6f72756d2074696e636964756e742e20506572206e6f6c75697373652073656e736962757320686f6e657374617469732075742c20737465742073696e67756c69732065612065616d2c2068697320646963756e7420766976656e64756d206d6564696f6372656d2065692e20456920757375206d7574617420656666696369616e7475722c2065756d20766572656172206170657269616d20646566696e6974696f6e657320616e212053696d756c20646963616d20696e737472756374696f72206975732065692e2043752069757320666163657220646f6d696e6720636f7469646965717565212051756f74207072696e6369706573206575206869732c20757375207665726f20646963617420616e2e0a0a4578206469637461207065727065747561207175692c207065726963756c6120696e74656c6c6567616d20736372697073657269742069642076656c2e20496420666162756c6173206f726e61747573206e65636573736974617469627573206d656c2e2050726f6d70746120646f6c6f72656d206170706574657265206561206861732e2056656c206164206578706574656e64697320696e737472756374696f72210a0a54652068697320646f6c6f72656d20616476657273617269756d3f2050726920657520726562756d2076697269732c20746174696f6e206d6f6c6573746965206964207072692e204d656c206569207374657420696e65726d69732064697373656e746961732e2053656420656120646f6c6f72756d20646574726163746f20766974757065726174612e20506f73736974206f706f72746572652073696d696c69717565206375206e65632c20726964656e7320616e696d616c2071756f2065783f, 'meta_title3', 'meta_description3', 'meta_keywords3', '2015-02-12 14:23:38', '2015-02-12 14:23:38'),
(16, 9, 'afdsa', 'afdsa', 0x617366617366, '', '', 'fdsaf', '2015-03-21 08:22:31', '2015-03-21 08:23:06');

-- --------------------------------------------------------

--
-- Table structure for table `programmes`
--

CREATE TABLE IF NOT EXISTS `programmes` (
  `id` int(50) NOT NULL AUTO_INCREMENT,
  `programme_code` varchar(50) NOT NULL,
  `programme_name` varchar(50) NOT NULL,
  `department_id` int(50) DEFAULT NULL,
  `created_at` timestamp NOT NULL DEFAULT '0000-00-00 00:00:00',
  `updated_at` timestamp NOT NULL DEFAULT '0000-00-00 00:00:00',
  PRIMARY KEY (`id`),
  UNIQUE KEY `prog_code` (`programme_code`,`programme_name`),
  KEY `department_id` (`department_id`)
) ENGINE=InnoDB  DEFAULT CHARSET=latin1 AUTO_INCREMENT=7 ;

--
-- Dumping data for table `programmes`
--

INSERT INTO `programmes` (`id`, `programme_code`, `programme_name`, `department_id`, `created_at`, `updated_at`) VALUES
(1, 'BE (Civil)', 'Bachelor of Civil Engineering', 1, '0000-00-00 00:00:00', '2015-04-17 05:13:07'),
(2, 'BE (Electrical)', 'Bachelor of Electrical Engineering', 3, '0000-00-00 00:00:00', '2015-04-20 00:37:00'),
(3, 'BE (ECE)', 'Bachelor of Electronics and Communication', 2, '0000-00-00 00:00:00', '2015-04-14 11:07:41'),
(5, 'BE (IT)', 'Bachelor of Information Technology Engineering', 4, '2015-03-30 14:13:41', '2015-04-14 11:07:50'),
(6, 'BE (Arch)', 'Bachelor of Architecture Engineering', 1, '2015-04-14 11:06:46', '2015-04-17 05:12:59');

-- --------------------------------------------------------

--
-- Table structure for table `remarks`
--

CREATE TABLE IF NOT EXISTS `remarks` (
  `id` int(50) NOT NULL AUTO_INCREMENT,
  `student_id` int(50) NOT NULL,
  `staff_id` int(50) NOT NULL,
  `remark` varchar(255) NOT NULL,
  `created_at` timestamp NOT NULL DEFAULT '0000-00-00 00:00:00',
  `updated_at` timestamp NOT NULL DEFAULT '0000-00-00 00:00:00',
  PRIMARY KEY (`id`),
  KEY `student_id` (`student_id`),
  KEY `staff_id` (`staff_id`)
) ENGINE=InnoDB  DEFAULT CHARSET=latin1 AUTO_INCREMENT=15 ;

--
-- Dumping data for table `remarks`
--

INSERT INTO `remarks` (`id`, `student_id`, `staff_id`, `remark`, `created_at`, `updated_at`) VALUES
(11, 4, 2, 'CC', '0000-00-00 00:00:00', '0000-00-00 00:00:00'),
(12, 1, 1, 'he is not punctual', '0000-00-00 00:00:00', '0000-00-00 00:00:00'),
(13, 3, 5, 'no roles in the college', '0000-00-00 00:00:00', '0000-00-00 00:00:00'),
(14, 1, 2, 'he has a good academic performance', '0000-00-00 00:00:00', '0000-00-00 00:00:00');

-- --------------------------------------------------------

--
-- Table structure for table `roles`
--

CREATE TABLE IF NOT EXISTS `roles` (
  `id` int(10) unsigned NOT NULL AUTO_INCREMENT,
  `name` varchar(255) COLLATE utf8_unicode_ci NOT NULL,
  `created_at` timestamp NOT NULL DEFAULT '0000-00-00 00:00:00',
  `updated_at` timestamp NOT NULL DEFAULT '0000-00-00 00:00:00',
  PRIMARY KEY (`id`)
) ENGINE=InnoDB  DEFAULT CHARSET=utf8 COLLATE=utf8_unicode_ci AUTO_INCREMENT=12 ;

--
-- Dumping data for table `roles`
--

INSERT INTO `roles` (`id`, `name`, `created_at`, `updated_at`) VALUES
(9, 'admin', '2015-02-12 14:23:35', '2015-02-12 14:23:35'),
(10, 'comment', '2015-02-12 14:23:35', '2015-02-12 14:23:35'),
(11, 'blog', '2015-03-14 11:52:58', '2015-03-14 11:52:58');

-- --------------------------------------------------------

--
-- Table structure for table `schools`
--

CREATE TABLE IF NOT EXISTS `schools` (
  `id` int(50) NOT NULL AUTO_INCREMENT,
  `name` varchar(100) NOT NULL,
  PRIMARY KEY (`id`),
  UNIQUE KEY `name` (`name`)
) ENGINE=InnoDB  DEFAULT CHARSET=latin1 AUTO_INCREMENT=42 ;

--
-- Dumping data for table `schools`
--

INSERT INTO `schools` (`id`, `name`) VALUES
(37, 'Bajo HSS\r\n'),
(34, 'Baylling HSS'),
(2, 'Chukha HSS'),
(6, 'Daga HSS'),
(36, 'Damphu HSS\r\n'),
(18, 'Dashiding HSS'),
(27, 'Dechenchholing\r\nHSS'),
(13, 'Drugyel HSS'),
(7, 'Drujeygang HSS'),
(38, 'Gaselo HSS\r\n'),
(4, 'Gedu HSS\r\n'),
(24, 'Gelephu HSS\r\n'),
(10, 'Gyelpozhing HSS\r\n'),
(1, 'Jakar HSS'),
(31, 'Jampeling HSS'),
(30, 'Jigme Sherubling\r\nHSS\r\n'),
(20, 'Karmaling HSS'),
(9, 'Lhuentse HSS\r\n'),
(11, 'Mongar HSS'),
(26, 'Motithang HSS\r\n'),
(15, 'Nangkor HSS\r\n'),
(16, 'Nganglam HSS\r\n'),
(19, 'Orong HSS'),
(3, 'Pakshikha HSS\r\n'),
(23, 'Peljorling HSS'),
(5, 'Phuentsholing HSS\r\n'),
(17, 'Punakha HSS\r\n'),
(32, 'Rangjung HSS\r\n'),
(21, 'Samtse HSS\r\n'),
(25, 'Sarpang HSS'),
(14, 'Shari HSS'),
(35, 'Sherubling HSS\r\n'),
(22, 'Tendruk HSS\r\n'),
(41, 'Tenzin HSS'),
(33, 'Trashitse HSS\r\n'),
(40, 'Ugyen Academy HSS'),
(8, 'Ugyendorji HSS'),
(29, 'Wangbama HSS'),
(12, 'Yadi HSS\r\n'),
(28, 'Yangchenphu HSS'),
(39, 'Zhemgang HSS');

-- --------------------------------------------------------

--
-- Table structure for table `semesters`
--

CREATE TABLE IF NOT EXISTS `semesters` (
  `number` int(11) NOT NULL,
  `roman` varchar(11) NOT NULL,
  PRIMARY KEY (`number`)
) ENGINE=InnoDB DEFAULT CHARSET=latin1;

--
-- Dumping data for table `semesters`
--

INSERT INTO `semesters` (`number`, `roman`) VALUES
(1, 'I'),
(2, 'II'),
(3, 'III'),
(4, 'IV'),
(5, 'V'),
(6, 'VI'),
(7, 'VII'),
(8, 'VIII'),
(9, 'IX'),
(10, 'X');

-- --------------------------------------------------------

--
-- Table structure for table `staffs`
--

CREATE TABLE IF NOT EXISTS `staffs` (
  `id` int(50) NOT NULL AUTO_INCREMENT,
  `staff_id` varchar(50) NOT NULL,
  `title` enum('Dr','Mr','Ms') NOT NULL,
  `name` varchar(50) NOT NULL,
  `position` varchar(50) NOT NULL,
  `sex` enum('Male','Female') NOT NULL,
  `cidno` varchar(255) NOT NULL,
  `department_id` int(50) DEFAULT NULL,
  `phone` int(50) DEFAULT NULL,
  `fax` int(50) DEFAULT NULL,
  `created_at` timestamp NOT NULL DEFAULT '0000-00-00 00:00:00',
  `updated_at` timestamp NOT NULL DEFAULT '0000-00-00 00:00:00',
  PRIMARY KEY (`id`),
  UNIQUE KEY `staff_id` (`staff_id`),
  UNIQUE KEY `cidno` (`cidno`),
  KEY `department_id` (`department_id`)
) ENGINE=InnoDB  DEFAULT CHARSET=latin1 AUTO_INCREMENT=22 ;

--
-- Dumping data for table `staffs`
--

INSERT INTO `staffs` (`id`, `staff_id`, `title`, `name`, `position`, `sex`, `cidno`, `department_id`, `phone`, `fax`, `created_at`, `updated_at`) VALUES
(1, '1010000', 'Mr', 'Yeshi Wangchuk', 'Associate Lecturer', 'Male', '10000000111', 2, NULL, NULL, '0000-00-00 00:00:00', '2015-04-19 11:24:23'),
(2, '10100', 'Mr', 'Tandin Wangchuk', 'Associate Lecturer', 'Male', '10101010101', 4, NULL, NULL, '2015-04-08 11:00:06', '2015-04-12 13:44:10'),
(4, '33333', 'Dr', 'Sangay Passang', 'Associate Lecturer', 'Male', '21474836471', 1, NULL, NULL, '2015-04-09 08:08:21', '2015-04-12 13:43:58'),
(5, 'TUT20201', 'Mr', 'Nima Drukpa', 'DEAN SA', 'Male', '11111111111', NULL, NULL, NULL, '0000-00-00 00:00:00', '2015-04-20 04:56:43'),
(8, 'TUT10101', 'Ms', 'Tshering Dema', 'Associate Lecturer', 'Female', '22222222222', 4, NULL, NULL, '0000-00-00 00:00:00', '2015-04-19 11:23:55'),
(9, 'TUT000001', 'Dr', 'Om Kafley', 'DEAN AA', 'Male', '33333333333', NULL, NULL, NULL, '0000-00-00 00:00:00', '2015-04-19 07:37:46'),
(10, 'tut1029', 'Dr', 'Kesang Tshering', 'Associate Lecturer', 'Male', '10101010122', 5, NULL, NULL, '2015-04-12 01:47:39', '2015-04-15 03:09:42'),
(11, '101000', 'Ms', 'Dorji', 'asst lecturer', 'Female', '99999999919', 4, NULL, NULL, '2015-04-12 02:09:05', '2015-04-19 11:24:35'),
(12, '1009090909', 'Mr', 'Wangmo', 'Accountant', 'Male', '10191912233', 3, NULL, NULL, '2015-04-12 03:55:06', '2015-04-19 11:25:03'),
(13, 'D0102', 'Dr', 'Cheki Dorji', 'Director', 'Male', '82828383844', NULL, NULL, 12345678, '2015-04-12 05:54:41', '2015-04-23 03:01:18'),
(17, 'T1029', 'Dr', 'Krishna Pradhan', 'Assistant lecturer', 'Male', '33333322221', 1, NULL, NULL, '2015-04-12 13:40:44', '2015-04-15 03:12:15'),
(18, '23423', 'Dr', 'Sangay Jamtsho', '424234234', 'Female', '12345678912', 3, NULL, NULL, '2015-04-19 07:45:08', '2015-04-19 08:08:23'),
(20, 'emp1030', 'Ms', 'Exam Cell', '312313', 'Female', '22222222223', NULL, 11111111, NULL, '2015-04-19 07:52:22', '2015-04-21 03:19:30'),
(21, 'EMP2010097', 'Mr', 'Tshering', 'DRILL', 'Male', '10292091876', NULL, NULL, NULL, '2015-04-23 03:53:09', '2015-04-23 03:53:09');

-- --------------------------------------------------------

--
-- Table structure for table `students`
--

CREATE TABLE IF NOT EXISTS `students` (
  `id` int(50) NOT NULL AUTO_INCREMENT,
  `stdno` varchar(50) NOT NULL,
  `fname` varchar(50) NOT NULL,
  `mname` varchar(50) DEFAULT NULL,
  `lname` varchar(50) NOT NULL,
  `cidno` varchar(255) NOT NULL,
  `sex` enum('Male','Female') NOT NULL,
  `dob` date NOT NULL,
  `stdtype` enum('Regular','Self-Financed','In-Service','Repeater') NOT NULL,
  `current_semester` enum('1','2','3','4','5','6','7','8','9','10') NOT NULL,
  `programme_id` int(50) DEFAULT NULL,
  `bloodgroup` varchar(10) NOT NULL,
  `address` varchar(100) NOT NULL,
  `dzongkhag_id` int(30) DEFAULT NULL,
  `school_id` int(50) DEFAULT NULL,
  `phone` int(50) NOT NULL,
  `roomno` varchar(50) DEFAULT NULL,
  `enrolled` date NOT NULL,
  `registered` enum('Yes','No') NOT NULL DEFAULT 'No',
  `created_at` timestamp NOT NULL DEFAULT '0000-00-00 00:00:00',
  `updated_at` timestamp NOT NULL DEFAULT '0000-00-00 00:00:00',
  PRIMARY KEY (`id`),
  UNIQUE KEY `stdno` (`stdno`,`cidno`),
  KEY `department_id` (`programme_id`),
  KEY `dzongkhag_id` (`dzongkhag_id`),
  KEY `school_id` (`school_id`)
) ENGINE=InnoDB  DEFAULT CHARSET=latin1 AUTO_INCREMENT=14 ;

--
-- Dumping data for table `students`
--

INSERT INTO `students` (`id`, `stdno`, `fname`, `mname`, `lname`, `cidno`, `sex`, `dob`, `stdtype`, `current_semester`, `programme_id`, `bloodgroup`, `address`, `dzongkhag_id`, `school_id`, `phone`, `roomno`, `enrolled`, `registered`, `created_at`, `updated_at`) VALUES
(1, 'eit2010097', 'Sonam', 'sa', 'Namgyel', '10000000001', 'Male', '2015-03-26', 'Regular', '9', 5, 'A+', 'college of Science & Technology', 3, 2, 17001700, 'ha-02-01', '2015-03-26', 'Yes', '2015-03-26 17:57:00', '2015-04-23 12:28:54'),
(3, 'eit2010016', 'Dechen', NULL, 'Wangmo', '10101010101', 'Female', '2015-03-27', 'Self-Financed', '6', 1, 'B+', 'paro bhutan', 1, 40, 10101009, 'HA-07-HT', '2015-03-27', 'Yes', '2010-07-06 18:00:00', '2015-04-23 08:23:20'),
(4, 'edc2011059', 'Tshewang', 'Sonam', 'Lhendup', '11513871543', 'Male', '1992-12-26', 'Repeater', '4', 2, 'AB+', 'Changmi, Shongphu, Trashigang', 7, 11, 12345678, 'HB-3-10', '2015-03-18', 'Yes', '2015-03-27 11:03:44', '2015-04-22 11:49:12'),
(6, 'eit2010011', 'Tashi', 'Wangmo', 'Dorji', '10101010111', 'Male', '2015-03-18', 'Regular', '6', 6, 'A+', 'fdsafds', 1, 37, 12332333, 'ha-09-dsa', '2015-03-28', 'No', '2015-03-27 21:22:19', '2015-04-24 01:51:44'),
(7, 'ECE20140100', 'Arjun', NULL, 'Thapa', '33333333343', 'Male', '2015-04-19', 'Repeater', '3', 5, 'AB+', 'fdsafafdsa', 2, 18, 12980877, 'HA-BF', '2015-04-20', 'Yes', '2015-04-19 09:24:25', '2015-04-22 10:46:34'),
(8, 'EIT 2011027', 'Jamyang', NULL, 'Choden', '33331112212', 'Female', '1992-04-14', 'Self-Financed', '10', 6, 'B+', 'Mongar', 1, 37, 12233333, 'HA-02-14', '2015-04-13', 'No', '2015-04-19 09:27:26', '2015-04-23 11:05:55'),
(9, 'EDC 2013010', 'Loday', NULL, 'Jamtsho', '90909029091', 'Female', '2015-04-03', 'Regular', '10', 2, 'AB+', 'College of Science and Technology', 14, 28, 19029012, 'HA-09-10', '2015-04-17', 'No', '2015-04-19 09:36:06', '2015-04-23 11:30:51'),
(10, 'EAD 2014010', 'Pema', NULL, 'Zangmo', '12324322311', 'Female', '2015-04-19', 'Regular', '6', 5, 'B+', 'Boulevard street B101', NULL, NULL, 23232322, 'fdsafa', '2015-04-19', 'Yes', '2015-04-19 09:46:15', '2015-04-22 08:34:32'),
(12, 'eit2010134', 'Tshewang', NULL, 'Rinzin', '99992222123', 'Male', '2015-04-15', 'Repeater', '7', 5, 'AB', 'Phanus, Ngatshang', 7, 11, 17988000, 'HA-20-1', '2015-04-21', 'No', '2015-04-22 10:02:24', '2015-04-22 10:02:24'),
(13, 'EIT2012019', 'Pema', NULL, 'Namgay', '10101022222', 'Male', '2015-04-16', 'Repeater', '1', 6, 'B+', 'Thimphu', 14, 28, 19209019, 'HA-09-23', '2015-04-16', 'No', '2015-04-22 14:53:39', '2015-04-22 14:53:39');

-- --------------------------------------------------------

--
-- Table structure for table `users`
--

CREATE TABLE IF NOT EXISTS `users` (
  `id` int(10) unsigned NOT NULL AUTO_INCREMENT,
  `username` varchar(255) COLLATE utf8_unicode_ci NOT NULL,
  `email` varchar(255) COLLATE utf8_unicode_ci NOT NULL,
  `password` varchar(255) COLLATE utf8_unicode_ci NOT NULL,
  `confirmation_code` varchar(255) COLLATE utf8_unicode_ci NOT NULL,
  `remember_token` varchar(255) COLLATE utf8_unicode_ci DEFAULT NULL,
  `confirmed` tinyint(1) NOT NULL DEFAULT '0',
  `created_at` timestamp NOT NULL DEFAULT '0000-00-00 00:00:00',
  `updated_at` timestamp NOT NULL DEFAULT '0000-00-00 00:00:00',
  PRIMARY KEY (`id`),
  UNIQUE KEY `users_username_unique` (`username`),
  UNIQUE KEY `users_email_unique` (`email`)
) ENGINE=InnoDB  DEFAULT CHARSET=utf8 COLLATE=utf8_unicode_ci AUTO_INCREMENT=11 ;

--
-- Dumping data for table `users`
--

INSERT INTO `users` (`id`, `username`, `email`, `password`, `confirmation_code`, `remember_token`, `confirmed`, `created_at`, `updated_at`) VALUES
(9, 'admin', 'admin@example.org', '$2y$10$JKKBo2oZKdIQkQX/a9LgluypYMKFXMgKu3oPO631NbuPt0l9GbU1S', '8994600fd5a029ee9defc82baf2b4da4', 'H3si7j0znP1uICveRkqjNFjjwxuD5cUhFWiYcvKLG4NhwwdMAwU6REHMGPl1', 1, '2015-02-12 14:23:35', '2015-04-23 15:46:41'),
(10, 'user', 'user@example.org', '$2y$10$3GhGEiMqnSJAEN.AuLrpxeHE3Gdv5LegL41kGO.CisULc6JB1fRSC', '26a525344a40e98f24b525fb2d4fe05a', 'ALYE5wVPUZMTb2oh5cmLK12sUyRYfxYJrSoAhX7duBSaJXrMvsJgcm7Sfuse', 0, '2015-02-12 14:23:35', '2015-04-01 07:25:03');

--
-- Constraints for dumped tables
--

--
-- Constraints for table `assigned_roles`
--
ALTER TABLE `assigned_roles`
  ADD CONSTRAINT `assigned_roles_role_id_foreign` FOREIGN KEY (`role_id`) REFERENCES `roles` (`id`) ON DELETE CASCADE,
  ADD CONSTRAINT `assigned_roles_user_id_foreign` FOREIGN KEY (`user_id`) REFERENCES `users` (`id`) ON DELETE CASCADE;

--
-- Constraints for table `comments`
--
ALTER TABLE `comments`
  ADD CONSTRAINT `comments_post_id_foreign` FOREIGN KEY (`post_id`) REFERENCES `posts` (`id`) ON DELETE CASCADE,
  ADD CONSTRAINT `comments_user_id_foreign` FOREIGN KEY (`user_id`) REFERENCES `users` (`id`) ON DELETE CASCADE;

--
-- Constraints for table `course_programme`
--
ALTER TABLE `course_programme`
  ADD CONSTRAINT `course_programme_ibfk_1` FOREIGN KEY (`course_id`) REFERENCES `courses` (`id`) ON DELETE CASCADE ON UPDATE CASCADE,
  ADD CONSTRAINT `course_programme_ibfk_2` FOREIGN KEY (`programme_id`) REFERENCES `programmes` (`id`) ON DELETE CASCADE ON UPDATE CASCADE,
  ADD CONSTRAINT `course_programme_ibfk_3` FOREIGN KEY (`staff_id`) REFERENCES `staffs` (`id`) ON DELETE SET NULL ON UPDATE CASCADE;

--
-- Constraints for table `course_student`
--
ALTER TABLE `course_student`
  ADD CONSTRAINT `course_student_ibfk_2` FOREIGN KEY (`student_id`) REFERENCES `students` (`id`) ON DELETE CASCADE ON UPDATE CASCADE,
  ADD CONSTRAINT `course_student_ibfk_3` FOREIGN KEY (`course_programme_id`) REFERENCES `course_programme` (`pivot_id`) ON DELETE CASCADE ON UPDATE CASCADE;

--
-- Constraints for table `departments`
--
ALTER TABLE `departments`
  ADD CONSTRAINT `departments_ibfk_1` FOREIGN KEY (`hod_id`) REFERENCES `staffs` (`id`) ON DELETE SET NULL ON UPDATE CASCADE;

--
-- Constraints for table `fees`
--
ALTER TABLE `fees`
  ADD CONSTRAINT `fees_ibfk_1` FOREIGN KEY (`student_id`) REFERENCES `students` (`id`) ON DELETE CASCADE ON UPDATE CASCADE;

--
-- Constraints for table `permission_role`
--
ALTER TABLE `permission_role`
  ADD CONSTRAINT `permission_role_permission_id_foreign` FOREIGN KEY (`permission_id`) REFERENCES `permissions` (`id`) ON DELETE CASCADE,
  ADD CONSTRAINT `permission_role_role_id_foreign` FOREIGN KEY (`role_id`) REFERENCES `roles` (`id`) ON DELETE CASCADE;

--
-- Constraints for table `posts`
--
ALTER TABLE `posts`
  ADD CONSTRAINT `posts_user_id_foreign` FOREIGN KEY (`user_id`) REFERENCES `users` (`id`) ON DELETE CASCADE;

--
-- Constraints for table `programmes`
--
ALTER TABLE `programmes`
  ADD CONSTRAINT `programmes_ibfk_1` FOREIGN KEY (`department_id`) REFERENCES `departments` (`id`) ON DELETE SET NULL ON UPDATE CASCADE;

--
-- Constraints for table `remarks`
--
ALTER TABLE `remarks`
  ADD CONSTRAINT `remarks_ibfk_1` FOREIGN KEY (`student_id`) REFERENCES `students` (`id`) ON DELETE CASCADE ON UPDATE CASCADE,
  ADD CONSTRAINT `remarks_ibfk_2` FOREIGN KEY (`staff_id`) REFERENCES `staffs` (`id`) ON DELETE CASCADE ON UPDATE CASCADE;

--
-- Constraints for table `staffs`
--
ALTER TABLE `staffs`
  ADD CONSTRAINT `staffs_ibfk_1` FOREIGN KEY (`department_id`) REFERENCES `departments` (`id`) ON DELETE SET NULL ON UPDATE CASCADE;

--
-- Constraints for table `students`
--
ALTER TABLE `students`
  ADD CONSTRAINT `students_ibfk_1` FOREIGN KEY (`programme_id`) REFERENCES `programmes` (`id`) ON DELETE SET NULL ON UPDATE CASCADE,
  ADD CONSTRAINT `students_ibfk_2` FOREIGN KEY (`dzongkhag_id`) REFERENCES `dzongkhags` (`id`) ON DELETE SET NULL ON UPDATE CASCADE,
  ADD CONSTRAINT `students_ibfk_3` FOREIGN KEY (`school_id`) REFERENCES `schools` (`id`) ON DELETE SET NULL ON UPDATE CASCADE;

/*!40101 SET CHARACTER_SET_CLIENT=@OLD_CHARACTER_SET_CLIENT */;
/*!40101 SET CHARACTER_SET_RESULTS=@OLD_CHARACTER_SET_RESULTS */;
/*!40101 SET COLLATION_CONNECTION=@OLD_COLLATION_CONNECTION */;
